id,date,priceUsd,priceJpy,jpyUsd
6586b870b6b75112a165ff33,1987-12-31T00:00:00.000Z,100,12100,121
6586b870b6b75112a165ff34,1988-01-29T00:00:00.000Z,102.33015333,13077.793595574,127.8
6586b870b6b75112a165ff35,1988-02-29T00:00:00.000Z,108.07346946,13867.9876011072,128.32
6586b870b6b75112a165ff36,1988-03-31T00:00:00.000Z,111.22208153,13822.680292548399,124.28
6586b870b6b75112a165ff37,1988-04-29T00:00:00.000Z,112.44816929999999,14066.141497736999,125.09
6586b870b6b75112a165ff38,1988-05-31T00:00:00.000Z,110.04093168,13773.8234183856,125.17
6586b870b6b75112a165ff39,1988-06-30T00:00:00.000Z,109.74571559,14609.349659340802,133.12
6586b870b6b75112a165ff3a,1988-07-29T00:00:00.000Z,111.59303018,14858.611968467001,133.15
6586b870b6b75112a165ff3b,1988-08-31T00:00:00.000Z,105.27756774000001,14369.335220832601,136.49
6586b870b6b75112a165ff3c,1988-09-30T00:00:00.000Z,109.61762316000001,14754.532077336,134.6
6586b870b6b75112a165ff3d,1988-10-31T00:00:00.000Z,116.60050941,14636.8619462373,125.53
6586b870b6b75112a165ff3e,1988-11-30T00:00:00.000Z,120.31418521,14604.9389426419,121.39
6586b870b6b75112a165ff3f,1988-12-30T00:00:00.000Z,121.20174236,15141.7336730348,124.93
6586b870b6b75112a165ff40,1989-01-31T00:00:00.000Z,125.36915737,16331.8401305899,130.27
6586b870b6b75112a165ff41,1989-02-28T00:00:00.000Z,124.40828309,15778.702544304699,126.83
6586b870b6b75112a165ff42,1989-03-31T00:00:00.000Z,123.4945259,16388.958532189,132.71
6586b870b6b75112a165ff43,1989-04-28T00:00:00.000Z,126.36500529,16807.8093536229,133.01
6586b870b6b75112a165ff44,1989-05-31T00:00:00.000Z,123.15788139,17591.8717777476,142.84
6586b870b6b75112a165ff45,1989-06-30T00:00:00.000Z,121.22688648,17448.1857710664,143.93
6586b870b6b75112a165ff46,1989-07-31T00:00:00.000Z,134.69391488,18467.882669196802,137.11
6586b870b6b75112a165ff47,1989-08-31T00:00:00.000Z,131.29869699,19023.8682068811,144.89
6586b870b6b75112a165ff48,1989-09-29T00:00:00.000Z,135.03876359999998,18774.439303307998,139.03
6586b870b6b75112a165ff49,1989-10-31T00:00:00.000Z,130.45834107,18635.9740218495,142.85
6586b870b6b75112a165ff4a,1989-11-30T00:00:00.000Z,135.35876603,19331.9389644046,142.82
6586b870b6b75112a165ff4b,1989-12-29T00:00:00.000Z,139.56942047,20084.039605633003,143.9
6586b870b6b75112a165ff4c,1990-01-31T00:00:00.000Z,132.91402253,19199.4305544585,144.45
6586b870b6b75112a165ff4d,1990-02-28T00:00:00.000Z,127.09205076,18945.6120067932,149.07
6586b870b6b75112a165ff4e,1990-03-30T00:00:00.000Z,118.99587309,18864.4157609577,158.53
6586b870b6b75112a165ff4f,1990-04-30T00:00:00.000Z,117.24286248,18629.890848072002,158.9
6586b870b6b75112a165ff50,1990-05-31T00:00:00.000Z,129.24214179999998,19669.361560542,152.19
6586b870b6b75112a165ff51,1990-06-29T00:00:00.000Z,128.1188029,19502.244177438,152.22
6586b870b6b75112a165ff52,1990-07-31T00:00:00.000Z,129.15691082,18824.619752015,145.75
6586b870b6b75112a165ff53,1990-08-31T00:00:00.000Z,116.74828148,16782.56546275,143.75
6586b870b6b75112a165ff54,1990-09-28T00:00:00.000Z,104.28320517,14446.3524122001,138.53
6586b870b6b75112a165ff55,1990-10-31T00:00:00.000Z,113.61451405,14783.520568186,130.12
6586b870b6b75112a165ff56,1990-11-30T00:00:00.000Z,111.44119156000001,14771.529941278002,132.55
6586b870b6b75112a165ff57,1990-12-31T00:00:00.000Z,113.56446066000001,15405.019088529001,135.65
6586b870b6b75112a165ff58,1991-01-31T00:00:00.000Z,117.49666555,15421.4373534375,131.25
6586b870b6b75112a165ff59,1991-02-28T00:00:00.000Z,128.28080653,17065.195692685902,133.03
6586b870b6b75112a165ff5a,1991-03-29T00:00:00.000Z,124.43836984000001,17510.967403884802,140.72
6586b870b6b75112a165ff5b,1991-04-30T00:00:00.000Z,125.21172416,17036.3071892096,136.06
6586b870b6b75112a165ff5c,1991-05-31T00:00:00.000Z,127.94220559,17713.5983639355,138.45
6586b870b6b75112a165ff5d,1991-06-28T00:00:00.000Z,119.88436636,16481.702687172798,137.48
6586b870b6b75112a165ff5e,1991-07-31T00:00:00.000Z,125.33614582,17214.919628377,137.35
6586b870b6b75112a165ff5f,1991-08-30T00:00:00.000Z,124.82093197,17079.2481214551,136.83
6586b870b6b75112a165ff60,1991-09-30T00:00:00.000Z,127.73668226000001,16996.6429415156,133.06
6586b870b6b75112a165ff61,1991-10-31T00:00:00.000Z,129.69937494,16967.2722296508,130.82
6586b870b6b75112a165ff62,1991-11-29T00:00:00.000Z,123.85292857,16103.357772671401,130.02
6586b870b6b75112a165ff63,1991-12-31T00:00:00.000Z,132.78038528,16577.631102207997,124.85
6586b870b6b75112a165ff64,1992-01-31T00:00:00.000Z,130.53276273,16422.3268790613,125.81
6586b870b6b75112a165ff65,1992-02-28T00:00:00.000Z,128.29295553,16613.937741135,129.5
6586b870b6b75112a165ff66,1992-03-31T00:00:00.000Z,122.31130824,16242.941734272003,132.8
6586b870b6b75112a165ff67,1992-04-30T00:00:00.000Z,123.66974114,16472.809519847997,133.2
6586b870b6b75112a165ff68,1992-05-29T00:00:00.000Z,128.13070098,16362.290515146,127.7
6586b870b6b75112a165ff69,1992-06-30T00:00:00.000Z,123.27780959,15479.9945502163,125.57
6586b870b6b75112a165ff6a,1992-07-31T00:00:00.000Z,123.39005467,15682.875948556999,127.1
6586b870b6b75112a165ff6b,1992-08-31T00:00:00.000Z,125.87323904,15491.219528652799,123.07
6586b870b6b75112a165ff6c,1992-09-30T00:00:00.000Z,124.52475288000001,14920.5558900816,119.82
6586b870b6b75112a165ff6d,1992-10-30T00:00:00.000Z,121.21561122,14967.7036734456,123.48
6586b870b6b75112a165ff6e,1992-11-30T00:00:00.000Z,122.97554407,15337.5098564104,124.72
6586b870b6b75112a165ff6f,1992-12-31T00:00:00.000Z,123.88175729,15466.6373976565,124.85
6586b870b6b75112a165ff70,1993-01-29T00:00:00.000Z,124.06487287,15464.686403245501,124.65
6586b870b6b75112a165ff71,1993-02-26T00:00:00.000Z,126.72847699,14979.305980218001,118.2
6586b870b6b75112a165ff72,1993-03-31T00:00:00.000Z,133.74959226000001,15347.765711835002,114.75
6586b870b6b75112a165ff73,1993-04-30T00:00:00.000Z,139.53963525,15502.853476274999,111.1
6586b870b6b75112a165ff74,1993-05-31T00:00:00.000Z,142.54176613,15274.7756584908,107.16
6586b870b6b75112a165ff75,1993-06-30T00:00:00.000Z,141.34892732,15172.393858528802,107.34
6586b870b6b75112a165ff76,1993-07-30T00:00:00.000Z,144.01308521,15128.574601310502,105.05
6586b870b6b75112a165ff77,1993-08-31T00:00:00.000Z,150.58264654,15773.532225065,104.75
6586b870b6b75112a165ff78,1993-09-30T00:00:00.000Z,147.79686342,15694.5489265698,106.19
6586b870b6b75112a165ff79,1993-10-29T00:00:00.000Z,151.91543157,16496.4967141863,108.59
6586b870b6b75112a165ff7a,1993-11-30T00:00:00.000Z,143.76219583,15683.0179430947,109.09
6586b870b6b75112a165ff7b,1993-12-31T00:00:00.000Z,151.27923727,16916.0443115314,111.82
6586b870b6b75112a165ff7c,1994-01-31T00:00:00.000Z,161.05409826,17485.643448088198,108.57
6586b870b6b75112a165ff7d,1994-02-28T00:00:00.000Z,158.46563249,16564.4125641797,104.53
6586b870b6b75112a165ff7e,1994-03-31T00:00:00.000Z,151.07106981,15514.998869487,102.7
6586b870b6b75112a165ff7f,1994-04-29T00:00:00.000Z,154.90280461,15738.124948376,101.6
6586b870b6b75112a165ff80,1994-05-31T00:00:00.000Z,155.53607684,16287.7379666848,104.72
6586b870b6b75112a165ff81,1994-06-30T00:00:00.000Z,154.50237576,15199.9437272688,98.38
6586b870b6b75112a165ff82,1994-07-29T00:00:00.000Z,157.65619131,15779.8081882179,100.09
6586b870b6b75112a165ff83,1994-08-31T00:00:00.000Z,162.99794633,16316.094427632997,100.1
6586b870b6b75112a165ff84,1994-09-30T00:00:00.000Z,158.89253399999998,15770.083999499999,99.25
6586b870b6b75112a165ff85,1994-10-31T00:00:00.000Z,162.67810945,15765.135586799499,96.91
6586b870b6b75112a165ff86,1994-11-30T00:00:00.000Z,155.33030188,15366.826764988402,98.93
6586b870b6b75112a165ff87,1994-12-30T00:00:00.000Z,155.59591729000002,15520.692749677502,99.75
6586b870b6b75112a165ff88,1995-01-31T00:00:00.000Z,152.15294434,15154.433256264,99.6
6586b870b6b75112a165ff89,1995-02-28T00:00:00.000Z,153.49300286237718,14850.448026934992,96.75
6586b870b6b75112a165ff8a,1995-03-31T00:00:00.000Z,160.20981185808003,13882.180197502636,86.65
6586b870b6b75112a165ff8b,1995-04-28T00:00:00.000Z,165.73158885622047,13971.172940579385,84.3
6586b870b6b75112a165ff8c,1995-05-31T00:00:00.000Z,167.24374431415873,14142.131019205262,84.56
6586b870b6b75112a165ff8d,1995-06-30T00:00:00.000Z,166.96617502012128,14133.686715453268,84.65
6586b870b6b75112a165ff8e,1995-07-31T00:00:00.000Z,174.73693165426602,15457.228974136371,88.46
6586b870b6b75112a165ff8f,1995-08-31T00:00:00.000Z,170.61096102545218,16629.450371150826,97.47
6586b870b6b75112a165ff90,1995-09-29T00:00:00.000Z,174.9997434267335,17473.724381159336,99.85
6586b870b6b75112a165ff91,1995-10-31T00:00:00.000Z,171.77602397372456,17526.30772603912,102.03
6586b870b6b75112a165ff92,1995-11-30T00:00:00.000Z,176.88056812626684,18073.656451141946,102.18
6586b870b6b75112a165ff93,1995-12-29T00:00:00.000Z,181.8950233581979,18807.945415237664,103.4
6586b870b6b75112a165ff94,1996-01-31T00:00:00.000Z,185.63865606261885,19881.90006430648,107.1
6586b870b6b75112a165ff95,1996-02-29T00:00:00.000Z,186.09347571446247,19591.92112321861,105.28
6586b870b6b75112a165ff96,1996-03-29T00:00:00.000Z,188.6364695492418,20219.943170983228,107.19
6586b870b6b75112a165ff97,1996-04-30T00:00:00.000Z,192.89504366883796,20263.624337411427,105.05
6586b870b6b75112a165ff98,1996-05-31T00:00:00.000Z,192.75852317993687,20833.341185287576,108.08
6586b870b6b75112a165ff99,1996-06-28T00:00:00.000Z,193.4844947739773,21229.11876660079,109.72
6586b870b6b75112a165ff9a,1996-07-31T00:00:00.000Z,185.92721112113978,19866.322508293782,106.85
6586b870b6b75112a165ff9b,1996-08-30T00:00:00.000Z,187.89383991648893,20471.03385890147,108.95
6586b870b6b75112a165ff9c,1996-09-30T00:00:00.000Z,194.51071817458055,21664.603790284782,111.38
6586b870b6b75112a165ff9d,1996-10-31T00:00:00.000Z,194.97583425436588,22233.09438002534,114.03
6586b870b6b75112a165ff9e,1996-11-29T00:00:00.000Z,205.07741495006556,23350.114466214465,113.86
6586b870b6b75112a165ff9f,1996-12-31T00:00:00.000Z,201.78407616144852,23396.863630919957,115.95
6586b870b6b75112a165ffa0,1997-01-31T00:00:00.000Z,204.85838707062786,24875.953941986343,121.43
6586b870b6b75112a165ffa1,1997-02-28T00:00:00.000Z,207.33925531701456,24905.59134867979,120.12
6586b870b6b75112a165ffa2,1997-03-31T00:00:00.000Z,202.84233088811013,25107.823717330273,123.78
6586b870b6b75112a165ffa3,1997-04-30T00:00:00.000Z,208.9934842977204,26563.071854240265,127.1
6586b870b6b75112a165ffa4,1997-05-30T00:00:00.000Z,221.10853721290732,25692.812024139832,116.2
6586b870b6b75112a165ffa5,1997-06-30T00:00:00.000Z,232.0807530395079,26596.454298327604,114.6
6586b870b6b75112a165ffa6,1997-07-31T00:00:00.000Z,242.23691464399576,28717.186231045696,118.55
6586b870b6b75112a165ffa7,1997-08-29T00:00:00.000Z,224.91706710393143,27187.97507152323,120.88
6586b870b6b75112a165ffa8,1997-09-30T00:00:00.000Z,236.58184115228374,28515.20931408476,120.53
6586b870b6b75112a165ffa9,1997-10-31T00:00:00.000Z,222.17416797344669,26749.769824002982,120.4
6586b870b6b75112a165ffaa,1997-11-28T00:00:00.000Z,225.256009214822,28805.738458391435,127.88
6586b870b6b75112a165ffab,1997-12-31T00:00:00.000Z,227.8745002207188,29767.245963832494,130.63
6586b870b6b75112a165ffac,1998-01-30T00:00:00.000Z,232.57611225966096,29544.143540344732,127.03
6586b870b6b75112a165ffad,1998-02-27T00:00:00.000Z,248.1644646933163,31298.502287121053,126.12
6586b870b6b75112a165ffae,1998-03-31T00:00:00.000Z,258.38860334619795,34396.69087744587,133.12
6586b870b6b75112a165ffaf,1998-04-30T00:00:00.000Z,260.4547404569424,34580.575890468244,132.77
6586b870b6b75112a165ffb0,1998-05-29T00:00:00.000Z,255.14110163296596,35413.58490665568,138.8
6586b870b6b75112a165ffb1,1998-06-30T00:00:00.000Z,259.39512401121584,35991.0734565562,138.75
6586b870b6b75112a165ffb2,1998-07-31T00:00:00.000Z,259.11822779917867,37520.319385321076,144.8
6586b870b6b75112a165ffb3,1998-08-31T00:00:00.000Z,222.45210288681002,30987.577932132637,139.3
6586b870b6b75112a165ffb4,1998-09-30T00:00:00.000Z,226.52678844813371,30909.580283747844,136.45
6586b870b6b75112a165ffb5,1998-10-30T00:00:00.000Z,246.87438417727301,28600.397406937078,115.85
6586b870b6b75112a165ffb6,1998-11-30T00:00:00.000Z,261.5273229093827,32173.091264312257,123.02
6586b870b6b75112a165ffb7,1998-12-31T00:00:00.000Z,273.3014408293663,30951.388173925734,113.25
6586b870b6b75112a165ffb8,1999-01-29T00:00:00.000Z,278.55069605036755,32381.51841585523,116.25
6586b870b6b75112a165ffb9,1999-02-26T00:00:00.000Z,271.2108336262803,32265.952876518568,118.97
6586b870b6b75112a165ffba,1999-03-31T00:00:00.000Z,283.0434533619148,33639.71443206358,118.85
6586b870b6b75112a165ffbb,1999-04-30T00:00:00.000Z,294.9154193350139,35242.39261053416,119.5
6586b870b6b75112a165ffbc,1999-05-31T00:00:00.000Z,284.106648628376,34524.639941320245,121.52
6586b870b6b75112a165ffbd,1999-06-30T00:00:00.000Z,297.89204697036774,36080.68472905094,121.12
6586b870b6b75112a165ffbe,1999-07-30T00:00:00.000Z,296.31061806559387,33942.38129941378,114.55
6586b870b6b75112a165ffbf,1999-08-31T00:00:00.000Z,295.59876147998114,32433.09610958353,109.72
6586b870b6b75112a165ffc0,1999-09-30T00:00:00.000Z,292.0552922056045,31063.000878988092,106.36
6586b870b6b75112a165ffc1,1999-10-29T00:00:00.000Z,306.4968184078302,31912.44873262328,104.12
6586b870b6b75112a165ffc2,1999-11-30T00:00:00.000Z,315.678552953464,32249.720969725884,102.16
6586b870b6b75112a165ffc3,1999-12-31T00:00:00.000Z,341.6261446134503,34934.68954817143,102.26
6586b870b6b75112a165ffc4,2000-01-31T00:00:00.000Z,322.8336191306643,34672.33069463335,107.4
6586b870b6b75112a165ffc5,2000-02-29T00:00:00.000Z,323.59182176860276,35669.526513553086,110.23
6586b870b6b75112a165ffc6,2000-03-31T00:00:00.000Z,344.49806574210595,35414.40115828849,102.8
6586b870b6b75112a165ffc7,2000-04-28T00:00:00.000Z,328.68395800471603,35563.60425611027,108.2
6586b870b6b75112a165ffc8,2000-05-31T00:00:00.000Z,319.77552940839433,34423.83574081365,107.65
6586b870b6b75112a165ffc9,2000-06-30T00:00:00.000Z,330.208686066807,35002.12072308154,106
6586b870b6b75112a165ffca,2000-07-31T00:00:00.000Z,320.1600318108838,35028.709080428795,109.41
6586b870b6b75112a165ffcb,2000-08-31T00:00:00.000Z,329.76054552306164,35175.55739094499,106.67
6586b870b6b75112a165ffcc,2000-09-29T00:00:00.000Z,311.3085053713249,33652.44943064022,108.1
6586b870b6b75112a165ffcd,2000-10-31T00:00:00.000Z,304.89547714413374,33227.5090991677,108.98
6586b870b6b75112a165ffce,2000-11-30T00:00:00.000Z,285.6820995115192,31536.446965076604,110.39
6586b870b6b75112a165ffcf,2000-12-29T00:00:00.000Z,290.11335667934014,33165.75893558216,114.32
6586b870b6b75112a165ffd0,2001-01-31T00:00:00.000Z,297.27106254726164,34596.40625925031,116.38
6586b870b6b75112a165ffd1,2001-02-28T00:00:00.000Z,271.96821659565,31915.470217499525,117.35
6586b870b6b75112a165ffd2,2001-03-30T00:00:00.000Z,253.11723538705982,31956.050967616302,126.25
6586b870b6b75112a165ffd3,2001-04-30T00:00:00.000Z,271.0887101285381,33490.2992492796,123.54
6586b870b6b75112a165ffd4,2001-05-31T00:00:00.000Z,267.3743963170163,31871.028040988345,119.2
6586b870b6b75112a165ffd5,2001-06-29T00:00:00.000Z,258.84445290668526,32283.080166521784,124.72
6586b870b6b75112a165ffd6,2001-07-31T00:00:00.000Z,254.5417554239939,31832.991933324676,125.06
6586b870b6b75112a165ffd7,2001-08-31T00:00:00.000Z,242.41443532991798,28793.98662848766,118.78
6586b870b6b75112a165ffd8,2001-09-28T00:00:00.000Z,219.96113625246042,26298.553450344167,119.56
6586b870b6b75112a165ffd9,2001-10-31T00:00:00.000Z,224.48187288229465,27478.82605952169,122.41
6586b870b6b75112a165ffda,2001-11-30T00:00:00.000Z,238.0002866732213,29371.615378342238,123.41
6586b870b6b75112a165ffdb,2001-12-31T00:00:00.000Z,240.03300546787315,31605.145829954854,131.67
6586b870b6b75112a165ffdc,2002-01-31T00:00:00.000Z,233.2584451315602,31394.254130256686,134.59
6586b870b6b75112a165ffdd,2002-02-28T00:00:00.000Z,231.20776280801357,30905.54165454717,133.67
6586b870b6b75112a165ffde,2002-03-29T00:00:00.000Z,241.17131546303176,32022.72726718136,132.78
6586b870b6b75112a165ffdf,2002-04-30T00:00:00.000Z,233.13116425447825,29966.67985327063,128.54
6586b870b6b75112a165ffe0,2002-05-31T00:00:00.000Z,232.82355234215717,28900.38755223197,124.13
6586b870b6b75112a165ffe1,2002-06-28T00:00:00.000Z,218.2517953366431,26100.73220430915,119.59
6586b870b6b75112a165ffe2,2002-07-31T00:00:00.000Z,199.7291529062495,23943.530850401192,119.88
6586b870b6b75112a165ffe3,2002-08-30T00:00:00.000Z,199.84643309081673,23675.80692826906,118.47
6586b870b6b75112a165ffe4,2002-09-30T00:00:00.000Z,177.6254093508385,21624.11733437108,121.74
6586b870b6b75112a165ffe5,2002-10-31T00:00:00.000Z,190.48893367960346,23334.894375751424,122.5
6586b870b6b75112a165ffe6,2002-11-29T00:00:00.000Z,200.60437414795422,24584.06605183179,122.55
6586b870b6b75112a165ffe7,2002-12-31T00:00:00.000Z,190.79652005872836,22660.902687375168,118.77
6586b870b6b75112a165ffe8,2003-01-31T00:00:00.000Z,185.03288527891905,22181.742287236815,119.88
6586b870b6b75112a165ffe9,2003-02-28T00:00:00.000Z,181.41565389005171,21430.63119403181,118.13
6586b870b6b75112a165ffea,2003-03-31T00:00:00.000Z,180.20128647499732,21256.543752590682,117.96
6586b870b6b75112a165ffeb,2003-04-30T00:00:00.000Z,195.75280052407354,23269.13539829662,118.87
6586b870b6b75112a165ffec,2003-05-30T00:00:00.000Z,206.53530278669396,24637.596269424725,119.29
6586b870b6b75112a165ffed,2003-06-30T00:00:00.000Z,210.07926048750255,25163.293821193056,119.78
6586b870b6b75112a165ffee,2003-07-31T00:00:00.000Z,214.45512421753102,25850.42067318119,120.54
6586b870b6b75112a165ffef,2003-08-29T00:00:00.000Z,219.09810165135548,25614.759064059966,116.91
6586b870b6b75112a165fff0,2003-09-30T00:00:00.000Z,220.15128371832887,24551.271160268036,111.52
6586b870b6b75112a165fff1,2003-10-31T00:00:00.000Z,233.23615023266206,25637.317633574214,109.92
6586b870b6b75112a165fff2,2003-11-28T00:00:00.000Z,236.4241099023149,25919.175168590784,109.63
6586b870b6b75112a165fff3,2003-12-31T00:00:00.000Z,251.13111782587663,26963.948120964375,107.37
6586b870b6b75112a165fff4,2004-01-30T00:00:00.000Z,255.1950059237385,26986.871876435347,105.75
6586b870b6b75112a165fff5,2004-02-27T00:00:00.000Z,259.51114873597254,28302.285881145166,109.06
6586b870b6b75112a165fff6,2004-03-31T00:00:00.000Z,257.4303903579204,26849.989714331095,104.3
6586b870b6b75112a165fff7,2004-04-30T00:00:00.000Z,250.93196593654676,27705.39835905413,110.41
6586b870b6b75112a165fff8,2004-05-31T00:00:00.000Z,252.27785169096083,27629.470317194027,109.52
6586b870b6b75112a165fff9,2004-06-30T00:00:00.000Z,256.8948047348999,27970.706339535896,108.88
6586b870b6b75112a165fffa,2004-07-30T00:00:00.000Z,248.45089297910093,27692.336531450586,111.46
6586b870b6b75112a165fffb,2004-08-31T00:00:00.000Z,249.5068094049302,27228.678110360033,109.13
6586b870b6b75112a165fffc,2004-09-30T00:00:00.000Z,254.37335610792283,27988.70037255475,110.03
6586b870b6b75112a165fffd,2004-10-29T00:00:00.000Z,260.3790943980712,27545.50439637195,105.79
6586b870b6b75112a165fffe,2004-11-30T00:00:00.000Z,274.1704828312793,28214.88438816695,102.91
6586b870b6b75112a165ffff,2004-12-31T00:00:00.000Z,284.5205214535708,29154.8178333474,102.47
6586b870b6b75112a1660000,2005-01-31T00:00:00.000Z,278.29937602205104,28851.296312206032,103.67
6586b870b6b75112a1660001,2005-02-28T00:00:00.000Z,287.49405135397905,30066.127890599128,104.58
6586b870b6b75112a1660002,2005-03-31T00:00:00.000Z,280.5116914497408,30045.607271181736,107.11
6586b870b6b75112a1660003,2005-04-29T00:00:00.000Z,273.702213988287,28648.410738153998,104.67
6586b870b6b75112a1660004,2005-05-31T00:00:00.000Z,278.07380782224106,30179.350362947822,108.53
6586b870b6b75112a1660005,2005-06-30T00:00:00.000Z,280.43791306576117,31075.325146816995,110.81
6586b870b6b75112a1660006,2005-07-29T00:00:00.000Z,290.5703866785001,32703.697020665182,112.55
6586b870b6b75112a1660007,2005-08-31T00:00:00.000Z,292.20212257507364,32323.398799254646,110.62
6586b870b6b75112a1660008,2005-09-30T00:00:00.000Z,300.6039695638,34118.5505454913,113.5
6586b870b6b75112a1660009,2005-10-31T00:00:00.000Z,292.3189241395712,34022.99958060469,116.39
6586b870b6b75112a166000a,2005-11-30T00:00:00.000Z,302.43244371824693,36234.431081883165,119.81
6586b870b6b75112a166000b,2005-12-30T00:00:00.000Z,309.63012106751114,36523.969081123614,117.96
6586b870b6b75112a166000c,2006-01-31T00:00:00.000Z,324.65813315717395,38066.16611267864,117.25
6586b870b6b75112a166000d,2006-02-28T00:00:00.000Z,323.74461243898463,37479.91378206125,115.77
6586b870b6b75112a166000e,2006-03-31T00:00:00.000Z,329.7906687150227,38809.765894383876,117.68
6586b870b6b75112a166000f,2006-04-28T00:00:00.000Z,340.1898413057445,38730.61343265901,113.85
6586b870b6b75112a1660010,2006-05-31T00:00:00.000Z,325.7381736711645,36674.86097363641,112.59
6586b870b6b75112a1660011,2006-06-30T00:00:00.000Z,325.1079669147774,37205.35573372713,114.44
6586b870b6b75112a1660012,2006-07-31T00:00:00.000Z,327.03680164403175,37507.850780554,114.69
6586b870b6b75112a1660013,2006-08-31T00:00:00.000Z,334.8090470324752,39293.189759731285,117.36
6586b870b6b75112a1660014,2006-09-29T00:00:00.000Z,338.27588775158557,39977.44441448239,118.18
6586b870b6b75112a1660015,2006-10-31T00:00:00.000Z,350.7495462360612,41020.15943230736,116.95
6586b870b6b75112a1660016,2006-11-30T00:00:00.000Z,360.04292936805314,41685.77036223319,115.78
6586b870b6b75112a1660017,2006-12-29T00:00:00.000Z,367.783806531323,43773.628653358064,119.02
6586b870b6b75112a1660018,2007-01-31T00:00:00.000Z,371.2022094222974,44792.97061098863,120.67
6586b870b6b75112a1660019,2007-02-28T00:00:00.000Z,368.7770389381529,43681.64026222421,118.45
6586b870b6b75112a166001a,2007-03-30T00:00:00.000Z,375.2951515336205,44206.01589914516,117.79
6586b870b6b75112a166001b,2007-04-30T00:00:00.000Z,391.1750535695232,46733.68364995094,119.47
6586b870b6b75112a166001c,2007-05-31T00:00:00.000Z,401.5154088616512,48876.47072072881,121.73
6586b870b6b75112a166001d,2007-06-29T00:00:00.000Z,399.7821248573574,49241.16431868071,123.17
6586b870b6b75112a166001e,2007-07-31T00:00:00.000Z,393.33941729993813,46575.320402485675,118.41
6586b870b6b75112a166001f,2007-08-31T00:00:00.000Z,391.48918820470067,45322.703318458196,115.77
6586b870b6b75112a1660020,2007-09-28T00:00:00.000Z,411.9179782928689,47296.4222675872,114.82
6586b870b6b75112a1660021,2007-10-31T00:00:00.000Z,427.6292885952327,49309.93326791628,115.31
6586b870b6b75112a1660022,2007-11-30T00:00:00.000Z,408.0993587807016,45376.567702826214,111.19
6586b870b6b75112a1660023,2007-12-31T00:00:00.000Z,403.24633949543824,44901.479902817046,111.35
6586b870b6b75112a1660024,2008-01-31T00:00:00.000Z,369.93061056308017,39345.819739489205,106.36
6586b870b6b75112a1660025,2008-02-29T00:00:00.000Z,370.4065608717574,38474.12947774944,103.87
6586b870b6b75112a1660026,2008-03-31T00:00:00.000Z,363.9808476855142,36336.20802444488,99.83
6586b870b6b75112a1660027,2008-04-30T00:00:00.000Z,383.2954944605176,39839.7336942262,103.94
6586b870b6b75112a1660028,2008-05-30T00:00:00.000Z,387.74383744375024,40914.72972706452,105.52
6586b870b6b75112a1660029,2008-06-30T00:00:00.000Z,355.3979739232564,37711.27901299674,106.11
6586b870b6b75112a166002a,2008-07-31T00:00:00.000Z,345.745524026679,37281.7398557968,107.83
6586b870b6b75112a166002b,2008-08-29T00:00:00.000Z,337.61131687940036,36735.487389647555,108.81
6586b870b6b75112a166002c,2008-09-30T00:00:00.000Z,294.79028438692416,31274.301270608787,106.09
6586b870b6b75112a166002d,2008-10-31T00:00:00.000Z,236.1113984346851,23398.63958487729,99.1
6586b870b6b75112a166002e,2008-11-28T00:00:00.000Z,220.0495728772012,21058.744124348155,95.7
6586b870b6b75112a166002f,2008-12-31T00:00:00.000Z,227.68339971769205,20707.805204324093,90.95
6586b870b6b75112a1660030,2009-01-30T00:00:00.000Z,208.02274057316058,18740.768698236036,90.09
6586b870b6b75112a1660031,2009-02-27T00:00:00.000Z,187.1676493556246,18132.80186957291,96.88
6586b870b6b75112a1660032,2009-03-31T00:00:00.000Z,202.03607783505933,20070.263972134795,99.34
6586b870b6b75112a1660033,2009-04-30T00:00:00.000Z,225.24083447963582,22276.318530035984,98.9
6586b870b6b75112a1660034,2009-05-29T00:00:00.000Z,246.6937692454049,23440.84195369837,95.02
6586b870b6b75112a1660035,2009-06-30T00:00:00.000Z,244.90490513412863,23567.1990210572,96.23
6586b870b6b75112a1660036,2009-07-31T00:00:00.000Z,266.14183950422824,25192.986527470246,94.66
6586b870b6b75112a1660037,2009-08-31T00:00:00.000Z,275.09560988775746,25553.63120247379,92.89
6586b870b6b75112a1660038,2009-09-30T00:00:00.000Z,287.2324189701082,25819.322141223027,89.89
6586b870b6b75112a1660039,2009-10-30T00:00:00.000Z,282.58849234228074,25464.049044962918,90.11
6586b870b6b75112a166003a,2009-11-30T00:00:00.000Z,293.66663212307327,25328.74702061507,86.25
6586b870b6b75112a166003b,2009-12-31T00:00:00.000Z,299.43515661954115,27856.452620315915,93.03
6586b870b6b75112a166003c,2010-01-29T00:00:00.000Z,286.32728732979473,25852.490773007168,90.29
6586b870b6b75112a166003d,2010-02-26T00:00:00.000Z,289.4973817898959,25747.897136393338,88.94
6586b870b6b75112a166003e,2010-03-31T00:00:00.000Z,307.4044336843655,28733.09241647764,93.47
6586b870b6b75112a166003f,2010-04-30T00:00:00.000Z,307.34781936502685,28847.66632560142,93.86
6586b870b6b75112a1660040,2010-05-31T00:00:00.000Z,277.17303420271526,25267.093797919522,91.16
6586b870b6b75112a1660041,2010-06-30T00:00:00.000Z,268.2472928760135,23742.567892455954,88.51
6586b870b6b75112a1660042,2010-07-30T00:00:00.000Z,289.75105821787406,25051.87649351739,86.46
6586b870b6b75112a1660043,2010-08-31T00:00:00.000Z,279.0642622167077,23477.676380291614,84.13
6586b870b6b75112a1660044,2010-09-30T00:00:00.000Z,305.1635251875188,25484.205988409696,83.51
6586b870b6b75112a1660045,2010-10-29T00:00:00.000Z,315.94665250105083,25398.951394559477,80.39
6586b870b6b75112a1660046,2010-11-30T00:00:00.000Z,308.38110316463593,25808.41452384838,83.69
6586b870b6b75112a1660047,2010-12-31T00:00:00.000Z,330.6363804691693,26834.44863887778,81.16
6586b870b6b75112a1660048,2011-01-31T00:00:00.000Z,335.58085031373366,27551.187810757532,82.1
6586b870b6b75112a1660049,2011-02-28T00:00:00.000Z,344.82257160333205,28234.072162880828,81.88
6586b870b6b75112a166004a,2011-03-31T00:00:00.000Z,343.64048112608646,28669.925340349397,83.43
6586b870b6b75112a166004b,2011-04-29T00:00:00.000Z,356.90220683959853,28976.890173307005,81.19
6586b870b6b75112a166004c,2011-05-31T00:00:00.000Z,347.89573420116756,28304.79693460699,81.36
6586b870b6b75112a166004d,2011-06-30T00:00:00.000Z,341.81703614112735,27588.052986950384,80.71
6586b870b6b75112a166004e,2011-07-29T00:00:00.000Z,335.8960605849276,25783.381610499047,76.76
6586b870b6b75112a166004f,2011-08-31T00:00:00.000Z,310.61798220696824,23843.03631420688,76.76
6586b870b6b75112a1660050,2011-09-30T00:00:00.000Z,280.63940884692107,21623.26645165527,77.05
6586b870b6b75112a1660051,2011-10-31T00:00:00.000Z,310.43421509758247,24313.207726442655,78.32
6586b870b6b75112a1660052,2011-11-30T00:00:00.000Z,300.4467466386415,23314.66753915858,77.6
6586b870b6b75112a1660053,2011-12-30T00:00:00.000Z,299.5107378754187,23029.380635240945,76.89
6586b870b6b75112a1660054,2012-01-31T00:00:00.000Z,316.654852060744,24151.265566672944,76.27
6586b870b6b75112a1660055,2012-02-29T00:00:00.000Z,331.9274271618662,26982.380553988107,81.29
6586b870b6b75112a1660056,2012-03-30T00:00:00.000Z,333.29731101738497,27620.348164010695,82.87
6586b870b6b75112a1660057,2012-04-30T00:00:00.000Z,328.6725904387576,26274.08687967428,79.94
6586b870b6b75112a1660058,2012-05-31T00:00:00.000Z,297.98461130951046,23350.074142213238,78.36
6586b870b6b75112a1660059,2012-06-29T00:00:00.000Z,312.1108357798507,24909.56580358988,79.81
6586b870b6b75112a166005a,2012-07-31T00:00:00.000Z,316.0236550786844,24690.928171297608,78.13
6586b870b6b75112a166005b,2012-08-31T00:00:00.000Z,322.1365499902804,25252.28415373808,78.39
6586b870b6b75112a166005c,2012-09-28T00:00:00.000Z,331.5775947601931,25836.526183714246,77.92
6586b870b6b75112a166005d,2012-10-31T00:00:00.000Z,329.0670235173977,26249.67646598281,79.77
6586b870b6b75112a166005e,2012-11-30T00:00:00.000Z,332.6418091982406,27436.296422670886,82.48
6586b870b6b75112a166005f,2012-12-31T00:00:00.000Z,339.74919196153775,29473.2424026634,86.75
6586b870b6b75112a1660060,2013-01-31T00:00:00.000Z,355.1016014670633,32569.918886559044,91.72
6586b870b6b75112a1660061,2013-02-28T00:00:00.000Z,354.4303560751417,32806.07375831511,92.56
6586b870b6b75112a1660062,2013-03-29T00:00:00.000Z,360.05669739552116,33924.542028606,94.22
6586b870b6b75112a1660063,2013-04-30T00:00:00.000Z,369.4220268210552,35989.0938529072,97.42
6586b870b6b75112a1660064,2013-05-31T00:00:00.000Z,367.1947995036501,36895.73345412676,100.48
6586b870b6b75112a1660065,2013-06-28T00:00:00.000Z,355.8113107496407,35275.133347719384,99.14
6586b870b6b75112a1660066,2013-07-31T00:00:00.000Z,372.4897911790431,36459.30076060474,97.88
6586b870b6b75112a1660067,2013-08-30T00:00:00.000Z,363.9761374191698,35731.5374104399,98.17
6586b870b6b75112a1660068,2013-09-30T00:00:00.000Z,382.06995252619186,37530.731436647824,98.23
6586b870b6b75112a1660069,2013-10-31T00:00:00.000Z,397.10935873833836,39059.67652550296,98.36
6586b870b6b75112a166006a,2013-11-29T00:00:00.000Z,402.04749439674106,41185.74532600215,102.44
6586b870b6b75112a166006b,2013-12-31T00:00:00.000Z,408.5487646738515,43024.270407803306,105.31
6586b870b6b75112a166006c,2014-01-31T00:00:00.000Z,391.9210840567256,39987.70820630771,102.03
6586b870b6b75112a166006d,2014-02-28T00:00:00.000Z,410.129421825798,41755.276436084496,101.81
6586b870b6b75112a166006e,2014-03-31T00:00:00.000Z,411.0213084717236,42425.61946045131,103.22
6586b870b6b75112a166006f,2014-04-30T00:00:00.000Z,414.09401788480136,42345.25426889979,102.26
6586b870b6b75112a1660070,2014-05-30T00:00:00.000Z,421.53415078218796,42903.74586661109,101.78
6586b870b6b75112a1660071,2014-06-30T00:00:00.000Z,428.74630344020767,43444.862927596245,101.33
6586b870b6b75112a1660072,2014-07-31T00:00:00.000Z,423.0430560029281,43488.82615710101,102.8
6586b870b6b75112a1660073,2014-08-29T00:00:00.000Z,431.54944549214076,44915.66628682201,104.08
6586b870b6b75112a1660074,2014-09-30T00:00:00.000Z,416.85020801048563,45711.79381042985,109.66
6586b870b6b75112a1660075,2014-10-31T00:00:00.000Z,419.45086129340643,47116.91524908834,112.33
6586b870b6b75112a1660076,2014-11-28T00:00:00.000Z,425.8214254964101,50519.45392089409,118.64
6586b870b6b75112a1660077,2014-12-31T00:00:00.000Z,417.12033464196185,49925.13285329641,119.69
6586b870b6b75112a1660078,2015-01-30T00:00:00.000Z,410.3278787071175,48193.009354150956,117.45
6586b870b6b75112a1660079,2015-02-27T00:00:00.000Z,432.4743044781271,51697.97835731532,119.54
6586b870b6b75112a166007a,2015-03-31T00:00:00.000Z,424.75843828062995,51030.478775034884,120.14
6586b870b6b75112a166007b,2015-04-30T00:00:00.000Z,436.29609800567164,52076.302257956966,119.36
6586b870b6b75112a166007c,2015-05-29T00:00:00.000Z,434.5147578896478,53940.662044420875,124.14
6586b870b6b75112a166007d,2015-06-30T00:00:00.000Z,423.5093877665465,51879.90000140195,122.5
6586b870b6b75112a166007e,2015-07-31T00:00:00.000Z,426.781417474648,52895.28888180787,123.94
6586b870b6b75112a166007f,2015-08-31T00:00:00.000Z,396.7333059919685,48092.011352346424,121.22
6586b870b6b75112a1660080,2015-09-30T00:00:00.000Z,381.6511911573598,45744.71177212115,119.86
6586b870b6b75112a1660081,2015-10-30T00:00:00.000Z,411.2490609630876,49604.86173336762,120.62
6586b870b6b75112a1660082,2015-11-30T00:00:00.000Z,407.1971264183833,50125.96626210298,123.1
6586b870b6b75112a1660083,2015-12-31T00:00:00.000Z,399.3624330015731,48051.28793874927,120.32
6586b870b6b75112a1660084,2016-01-29T00:00:00.000Z,375.0167369503212,45399.52617520589,121.06
6586b870b6b75112a1660085,2016-02-29T00:00:00.000Z,371.66231980035286,41882.62681830176,112.69
6586b870b6b75112a1660086,2016-03-31T00:00:00.000Z,398.2554852324853,44835.602527473195,112.58
6586b870b6b75112a1660087,2016-04-29T00:00:00.000Z,403.33967540163917,42899.20787571834,106.36
6586b870b6b75112a1660088,2016-05-31T00:00:00.000Z,402.57438606332806,44569.010281071045,110.71
6586b870b6b75112a1660089,2016-06-30T00:00:00.000Z,399.2897308198123,41242.63629637841,103.29
6586b870b6b75112a166008a,2016-07-29T00:00:00.000Z,416.0883600475038,42465.97802644824,102.06
6586b870b6b75112a166008b,2016-08-31T00:00:00.000Z,416.61346197339105,43086.1642372881,103.42
6586b870b6b75112a166008c,2016-09-30T00:00:00.000Z,418.43435041851814,42404.13707141263,101.34
6586b870b6b75112a166008d,2016-10-31T00:00:00.000Z,411.0149937641976,43082.59164636319,104.82
6586b870b6b75112a166008e,2016-11-30T00:00:00.000Z,413.42969083415045,47325.2967097852,114.47
6586b870b6b75112a166008f,2016-12-30T00:00:00.000Z,421.8394074918882,49308.80834172681,116.89
6586b870b6b75112a1660090,2017-01-31T00:00:00.000Z,433.1283190202218,48856.874385481016,112.8
6586b870b6b75112a1660091,2017-02-28T00:00:00.000Z,444.5033003221542,50131.08221033255,112.78
6586b870b6b75112a1660092,2017-03-31T00:00:00.000Z,448.86637846968057,49999.22589773772,111.39
6586b870b6b75112a1660093,2017-04-28T00:00:00.000Z,455.1734388089914,50774.59709914299,111.55
6586b870b6b75112a1660094,2017-05-31T00:00:00.000Z,463.79407207373544,51379.10730432841,110.78
6586b870b6b75112a1660095,2017-06-30T00:00:00.000Z,465.0878986294058,52266.57804797262,112.38
6586b870b6b75112a1660096,2017-07-31T00:00:00.000Z,477.58346590643646,52653.57711618462,110.25
6586b870b6b75112a1660097,2017-08-31T00:00:00.000Z,478.4056153123971,52610.26551590431,109.97
6586b870b6b75112a1660098,2017-09-29T00:00:00.000Z,486.8786739779294,54768.98203577728,112.49
6586b870b6b75112a1660099,2017-10-31T00:00:00.000Z,496.6246686039396,56436.4273401517,113.64
6586b870b6b75112a166009a,2017-11-30T00:00:00.000Z,505.44238431960247,56877.431507484864,112.53
6586b870b6b75112a166009b,2017-12-29T00:00:00.000Z,513.0259476741394,57812.89404339877,112.69
6586b870b6b75112a166009c,2018-01-31T00:00:00.000Z,541.6732571620657,59145.302949525954,109.19
6586b870b6b75112a166009d,2018-02-28T00:00:00.000Z,518.0791014972415,55263.49775671075,106.67
6586b870b6b75112a166009e,2018-03-30T00:00:00.000Z,505.8076426628622,53757.23626220899,106.28
6586b870b6b75112a166009f,2018-04-30T00:00:00.000Z,509.69378159412213,55724.821141685374,109.33
6586b870b6b75112a16600a0,2018-05-31T00:00:00.000Z,508.76903771284503,55364.24668391179,108.82
6586b870b6b75112a16600a1,2018-06-29T00:00:00.000Z,505.19823270972995,55915.34039631292,110.68
6586b870b6b75112a16600a2,2018-07-31T00:00:00.000Z,519.8179353362044,58157.230605414545,111.88
6586b870b6b75112a16600a3,2018-08-31T00:00:00.000Z,522.8810068009703,58060.70699517975,111.04
6586b870b6b75112a16600a4,2018-09-28T00:00:00.000Z,524.2526706226415,59602.28612308811,113.69
6586b870b6b75112a16600a5,2018-10-31T00:00:00.000Z,484.5709655484851,54727.4448490459,112.94
6586b870b6b75112a16600a6,2018-11-30T00:00:00.000Z,490.85732588636927,55697.58076832632,113.47
6586b870b6b75112a16600a7,2018-12-31T00:00:00.000Z,455.6621751123716,49931.46114881368,109.58
6586b870b6b75112a16600a8,2019-01-31T00:00:00.000Z,491.19414377789485,53481.21837453719,108.88
6586b870b6b75112a16600a9,2019-02-28T00:00:00.000Z,503.48056876683984,56082.70055493829,111.39
6586b870b6b75112a16600aa,2019-03-29T00:00:00.000Z,508.54849037303586,56367.5146729473,110.84
6586b870b6b75112a16600ab,2019-04-30T00:00:00.000Z,524.8438091862882,58472.84878144437,111.41
6586b870b6b75112a16600ac,2019-05-31T00:00:00.000Z,492.1152970867467,53276.402062611196,108.26
6586b870b6b75112a16600ad,2019-06-28T00:00:00.000Z,523.442031988877,56468.926410960055,107.88
6586b870b6b75112a16600ae,2019-07-31T00:00:00.000Z,524.3502953532072,57017.85111670775,108.74
6586b870b6b75112a16600af,2019-08-30T00:00:00.000Z,510.8770779704405,54301.124617478126,106.29
6586b870b6b75112a16600b0,2019-09-30T00:00:00.000Z,520.6508846699153,56261.53459743105,108.06
6586b870b6b75112a16600b1,2019-10-31T00:00:00.000Z,534.4112017515122,57727.098013198345,108.02
6586b870b6b75112a16600b2,2019-11-29T00:00:00.000Z,546.694995315811,59868.56893703446,109.51
6586b870b6b75112a16600b3,2019-12-31T00:00:00.000Z,565.2439077721461,61391.140823132795,108.61
6586b870b6b75112a16600b4,2020-01-31T00:00:00.000Z,558.6211846083633,60543.363987854405,108.38
6586b870b6b75112a16600b5,2020-02-28T00:00:00.000Z,512.7573146134496,55413.68299027549,108.07
6586b870b6b75112a16600b6,2020-03-31T00:00:00.000Z,442.34647605292224,47565.51656997073,107.53
6586b870b6b75112a16600b7,2020-04-30T00:00:00.000Z,489.1686648241692,52424.205809206214,107.17
6586b870b6b75112a16600b8,2020-05-29T00:00:00.000Z,509.4703388767405,54905.61842074632,107.77
6586b870b6b75112a16600b9,2020-06-30T00:00:00.000Z,524.9076299467093,56648.03142384887,107.92
6586b870b6b75112a16600ba,2020-07-31T00:00:00.000Z,551.894367282309,58434.57560785087,105.88
6586b870b6b75112a16600bb,2020-08-31T00:00:00.000Z,584.8639335453655,61931.24192311875,105.89
6586b870b6b75112a16600bc,2020-09-30T00:00:00.000Z,565.148481664562,59594.90739152807,105.45
6586b870b6b75112a16600bd,2020-10-30T00:00:00.000Z,550.9953598571941,57656.15445545679,104.64
6586b870b6b75112a16600be,2020-11-30T00:00:00.000Z,618.2657414306195,64466.5688589707,104.27
6586b870b6b75112a16600bf,2020-12-31T00:00:00.000Z,646.2683419236695,66720.74362019963,103.24
6586b870b6b75112a16600c0,2021-01-29T00:00:00.000Z,642.9065652883003,67299.45925437928,104.68
6586b870b6b75112a16600c1,2021-02-26T00:00:00.000Z,657.1462336454132,70038.64558192814,106.58
6586b870b6b75112a16600c2,2021-03-31T00:00:00.000Z,673.2877200769058,74532.95061251346,110.7
6586b870b6b75112a16600c3,2021-04-30T00:00:00.000Z,701.8300475649576,76688.96929742291,109.27
6586b870b6b75112a16600c4,2021-05-31T00:00:00.000Z,711.4503671438607,77932.27321693851,109.54
6586b870b6b75112a16600c5,2021-06-30T00:00:00.000Z,719.9699610603276,79988.66267380239,111.1
6586b870b6b75112a16600c6,2021-07-30T00:00:00.000Z,724.2089778567506,79445.72487088555,109.7
6586b870b6b75112a16600c7,2021-08-31T00:00:00.000Z,741.2705343081078,81554.58418457802,110.02
6586b870b6b75112a16600c8,2021-09-30T00:00:00.000Z,709.5119874581495,78947.39884446829,111.27
6586b870b6b75112a16600c9,2021-10-29T00:00:00.000Z,745.2286279640575,84956.06358790255,114
6586b870b6b75112a16600ca,2021-11-30T00:00:00.000Z,726.5314411624557,82192.5019387086,113.13
6586b870b6b75112a16600cb,2021-12-31T00:00:00.000Z,754.828116375572,86865.61963250082,115.08
6586b870b6b75112a16600cc,2022-01-31T00:00:00.000Z,717.3754821065744,82569.91799046671,115.1
6586b870b6b75112a16600cd,2022-02-28T00:00:00.000Z,698.0201945711951,80265.34217374172,114.99
6586b870b6b75112a16600ce,2022-03-31T00:00:00.000Z,711.5577179610269,86568.11196713854,121.66
6586b870b6b75112a16600cf,2022-04-29T00:00:00.000Z,653.6670414475088,84865.59199113007,129.83
6586b870b6b75112a16600d0,2022-05-31T00:00:00.000Z,652.8142174225576,84004.13349793472,128.68
6586b870b6b75112a16600d1,2022-06-30T00:00:00.000Z,596.7739327000652,81000.12588537984,135.73
6586b870b6b75112a16600d2,2022-07-29T00:00:00.000Z,637.717121374625,84937.5433958863,133.19
6586b870b6b75112a16600d3,2022-08-31T00:00:00.000Z,613.1067162001721,85197.30928317591,138.96
6586b870b6b75112a16600d4,2022-09-30T00:00:00.000Z,553.3712786711997,80100.49258765615,144.75
6586b870b6b75112a16600d5,2022-10-31T00:00:00.000Z,586.3744596263949,87199.7458910412,148.71
6586b870b6b75112a16600d6,2022-11-30T00:00:00.000Z,630.9183900600289,87085.66537998579,138.03
6586b870b6b75112a16600d7,2022-12-30T00:00:00.000Z,605.3823322507119,79371.67758139085,131.11
6586b870b6b75112a16600d8,2023-01-31T00:00:00.000Z,648.3652880210356,84345.84031865651,130.09
6586b870b6b75112a16600d9,2023-02-28T00:00:00.000Z,629.0228868757058,85672.91719247113,136.2
6586b870b6b75112a16600da,2023-03-31T00:00:00.000Z,646.76207550648,85883.53600650547,132.79
6586b870b6b75112a16600db,2023-04-28T00:00:00.000Z,654.9967043439431,89262.95086799256,136.28
6586b870b6b75112a16600dc,2023-05-31T00:00:00.000Z,646.3746630556441,90065.84555017344,139.34
6586b870b6b75112a16600dd,2023-06-30T00:00:00.000Z,682.8413421003987,98547.66249192954,144.32
6586b870b6b75112a16600de,2023-07-31T00:00:00.000Z,707.1094314901212,100607.52991241445,142.28
6586b870b6b75112a16600df,2023-08-31T00:00:00.000Z,686.150393288168,99855.46673522708,145.53
6586b870b6b75112a16600e0,2023-09-29T00:00:00.000Z,656.8201325574033,98096.08679744818,149.35
6586b8ee977e423310718b37,2023-10-31T00:00:00.000Z,636.6545879343446,96326.16685074434,151.30051471596093
6586b8ee977e423310718b38,2023-11-30T00:00:00.000Z,694.3798747779718,102792.52535564367,148.0350008538361
65a1435965525842d2c649e0,2023-12-29T00:00:00.000Z,726.995723023297,102524.59722439155,141.02503491771722